Operation Type,Counterparty,Currency,Trade Date,Settlement Date,Maturity Date,Term (days),Amount,Interest Rate,isSmallValue,Last Updated
U.S. Dollar Liquidity Swap,European Central Bank,USD,12/21/2022,12/22/2022,1/5/2023,14,412200000.00,4.59,,12/22/2022 16:00
U.S. Dollar Liquidity Swap,European Central Bank,USD,12/14/2022,12/15/2022,12/22/2022,7,209000000.00,4.59,,12/15/2022 16:00
U.S. Dollar Liquidity Swap,Bank of Japan,USD,12/13/2022,12/15/2022,12/22/2022,7,1000000.00,4.53,,12/15/2022 16:00
U.S. Dollar Liquidity Swap,European Central Bank,USD,12/7/2022,12/8/2022,12/15/2022,7,205500000.00,4.09,,12/8/2022 16:00
U.S. Dollar Liquidity Swap,Bank of Japan,USD,12/6/2022,12/8/2022,12/15/2022,7,1000000.00,4.09,,12/8/2022 16:00
U.S. Dollar Liquidity Swap,European Central Bank,USD,11/30/2022,12/1/2022,12/8/2022,7,199000000.00,4.08,,12/1/2022 16:00
U.S. Dollar Liquidity Swap,European Central Bank,USD,11/23/2022,11/25/2022,12/1/2022,6,203700000.00,4.08,,11/25/2022 16:00
U.S. Dollar Liquidity Swap,European Central Bank,USD,11/16/2022,11/17/2022,11/25/2022,8,199500000.00,4.08,,11/17/2022 16:00
U.S. Dollar Liquidity Swap,Bank of Japan,USD,11/15/2022,11/17/2022,11/25/2022,8,2000000.00,4.08,,11/17/2022 16:00
U.S. Dollar Liquidity Swap,European Central Bank,USD,11/9/2022,11/10/2022,11/17/2022,7,202000000.00,4.09,,11/10/2022 16:00
U.S. Dollar Liquidity Swap,European Central Bank,USD,11/2/2022,11/3/2022,11/10/2022,7,194500000.00,4.08,,11/3/2022 16:00
U.S. Dollar Liquidity Swap,European Central Bank,USD,10/26/2022,10/27/2022,11/3/2022,7,202500000.00,3.33,,10/27/2022 16:00
U.S. Dollar Liquidity Swap,European Central Bank,USD,10/19/2022,10/20/2022,10/27/2022,7,210500000.00,3.33,,10/20/2022 16:00
U.S. Dollar Liquidity Swap,Bank of Japan,USD,10/18/2022,10/20/2022,10/27/2022,7,1000000.00,3.33,,10/20/2022 16:00
U.S. Dollar Liquidity Swap,European Central Bank,USD,10/12/2022,10/13/2022,10/20/2022,7,211500000.00,3.33,,10/13/2022 16:00
U.S. Dollar Liquidity Swap,European Central Bank,USD,10/5/2022,10/6/2022,10/13/2022,7,206500000.00,3.33,,10/6/2022 16:00
U.S. Dollar Liquidity Swap,European Central Bank,USD,9/28/2022,9/29/2022,10/6/2022,7,274800000.00,3.34,,9/29/2022 16:00
U.S. Dollar Liquidity Swap,European Central Bank,USD,9/21/2022,9/22/2022,9/29/2022,7,215500000.00,3.38,,9/22/2022 16:00
U.S. Dollar Liquidity Swap,European Central Bank,USD,9/14/2022,9/15/2022,9/22/2022,7,209600000.00,2.58,,9/15/2022 16:00
U.S. Dollar Liquidity Swap,Bank of Japan,USD,9/13/2022,9/15/2022,9/22/2022,7,3000000.00,2.58,,9/15/2022 16:00
U.S. Dollar Liquidity Swap,European Central Bank,USD,9/7/2022,9/8/2022,9/15/2022,7,203000000.00,2.58,,9/8/2022 16:00
U.S. Dollar Liquidity Swap,European Central Bank,USD,8/31/2022,9/1/2022,9/8/2022,7,196500000.00,2.58,,9/1/2022 16:00
U.S. Dollar Liquidity Swap,European Central Bank,USD,8/24/2022,8/25/2022,9/1/2022,7,168700000.00,2.58,,8/25/2022 16:00
U.S. Dollar Liquidity Swap,Bank of Japan,USD,8/23/2022,8/25/2022,9/1/2022,7,2000000.00,2.58,,8/25/2022 16:00
U.S. Dollar Liquidity Swap,European Central Bank,USD,8/17/2022,8/18/2022,8/25/2022,7,165000000.00,2.58,,8/18/2022 16:00
U.S. Dollar Liquidity Swap,Bank of Japan,USD,8/16/2022,8/18/2022,8/25/2022,7,1000000.00,2.58,,8/18/2022 16:00
U.S. Dollar Liquidity Swap,European Central Bank,USD,8/10/2022,8/11/2022,8/18/2022,7,188500000.00,2.6,,8/11/2022 16:00
U.S. Dollar Liquidity Swap,European Central Bank,USD,8/3/2022,8/4/2022,8/11/2022,7,191200000.00,2.58,,8/4/2022 16:00
U.S. Dollar Liquidity Swap,European Central Bank,USD,7/27/2022,7/28/2022,8/4/2022,7,211500000.00,2.61,,7/28/2022 16:00
U.S. Dollar Liquidity Swap,Bank of Japan,USD,7/26/2022,7/28/2022,8/4/2022,7,1000000.00,2.5,,7/28/2022 16:00
U.S. Dollar Liquidity Swap,European Central Bank,USD,7/20/2022,7/21/2022,7/28/2022,7,205900000.00,1.83,,7/21/2022 16:00
U.S. Dollar Liquidity Swap,European Central Bank,USD,7/13/2022,7/14/2022,7/21/2022,7,194600000.00,1.84,,7/14/2022 16:00
U.S. Dollar Liquidity Swap,European Central Bank,USD,7/6/2022,7/7/2022,7/14/2022,7,184500000.00,1.83,,7/7/2022 16:00
U.S. Dollar Liquidity Swap,European Central Bank,USD,6/29/2022,6/30/2022,7/7/2022,7,346500000.00,1.84,,6/30/2022 16:00
U.S. Dollar Liquidity Swap,European Central Bank,USD,6/22/2022,6/23/2022,6/30/2022,7,184400000.00,1.84,,6/23/2022 16:00
U.S. Dollar Liquidity Swap,European Central Bank,USD,6/15/2022,6/16/2022,6/23/2022,7,190500000.00,1.8,,6/16/2022 16:00
U.S. Dollar Liquidity Swap,Bank of Japan,USD,6/14/2022,6/16/2022,6/23/2022,7,1000000.00,1.68,,6/16/2022 16:00
U.S. Dollar Liquidity Swap,European Central Bank,USD,6/8/2022,6/9/2022,6/16/2022,7,198500000.00,1.08,,6/9/2022 16:00
U.S. Dollar Liquidity Swap,European Central Bank,USD,5/31/2022,6/1/2022,6/9/2022,8,182500000.00,1.08,,6/2/2022 16:00
U.S. Dollar Liquidity Swap,European Central Bank,USD,5/25/2022,5/27/2022,6/1/2022,5,186000000.00,1.08,,5/26/2022 16:00
U.S. Dollar Liquidity Swap,European Central Bank,USD,5/18/2022,5/19/2022,5/27/2022,8,208500000.00,1.08,,5/19/2022 16:00
Non-U.S. Dollar Liquidity Swap,Bank of Japan,JPY,5/18/2022,5/19/2022,5/20/2022,1,51000.00,0.231,Y,5/19/2022 16:00
U.S. Dollar Liquidity Swap,European Central Bank,USD,5/11/2022,5/12/2022,5/19/2022,7,214000000.00,1.08,,5/12/2022 16:00
U.S. Dollar Liquidity Swap,European Central Bank,USD,5/4/2022,5/5/2022,5/12/2022,7,222000000.00,1.1,,5/5/2022 16:00
U.S. Dollar Liquidity Swap,European Central Bank,USD,4/27/2022,4/28/2022,5/5/2022,7,225000000.00,0.58,,4/28/2022 16:00
U.S. Dollar Liquidity Swap,European Central Bank,USD,4/20/2022,4/21/2022,4/28/2022,7,214000000.00,0.58,,4/21/2022 16:00
U.S. Dollar Liquidity Swap,European Central Bank,USD,4/13/2022,4/14/2022,4/21/2022,7,236000000.00,0.57,,4/14/2022 16:00
U.S. Dollar Liquidity Swap,Bank of Japan,USD,4/12/2022,4/14/2022,4/21/2022,7,1000000.00,0.6,,4/14/2022 16:00
U.S. Dollar Liquidity Swap,European Central Bank,USD,4/6/2022,4/7/2022,4/14/2022,7,232500000.00,0.6,,4/7/2022 16:00
U.S. Dollar Liquidity Swap,European Central Bank,USD,3/30/2022,3/31/2022,4/7/2022,7,365500000.00,0.59,,3/31/2022 16:00
U.S. Dollar Liquidity Swap,European Central Bank,USD,3/23/2022,3/24/2022,3/31/2022,7,230500000.00,0.58,,3/24/2022 16:00
U.S. Dollar Liquidity Swap,European Central Bank,USD,3/16/2022,3/17/2022,3/24/2022,7,308000000.00,0.61,,3/17/2022 16:00
U.S. Dollar Liquidity Swap,Bank of Japan,USD,3/15/2022,3/17/2022,3/24/2022,7,1000000.00,0.57,,3/17/2022 16:00
U.S. Dollar Liquidity Swap,European Central Bank,USD,3/9/2022,3/10/2022,3/17/2022,7,280000000.00,0.35,,3/11/2022 8:00
U.S. Dollar Liquidity Swap,Bank of Japan,USD,3/8/2022,3/10/2022,3/17/2022,7,4000000.00,0.36,,3/11/2022 8:00
U.S. Dollar Liquidity Swap,European Central Bank,USD,3/2/2022,3/3/2022,3/10/2022,7,272500000.00,0.35,,3/3/2022 16:00
U.S. Dollar Liquidity Swap,Bank of Japan,USD,3/1/2022,3/3/2022,3/10/2022,7,2000000.00,0.35,,3/3/2022 16:00
U.S. Dollar Liquidity Swap,European Central Bank,USD,2/23/2022,2/24/2022,3/3/2022,7,222000000.00,0.34,,2/24/2022 16:00
U.S. Dollar Liquidity Swap,Bank of Japan,USD,2/22/2022,2/25/2022,3/3/2022,6,3000000.00,0.34,,2/24/2022 16:00
U.S. Dollar Liquidity Swap,European Central Bank,USD,2/16/2022,2/17/2022,2/24/2022,7,210000000.00,0.34,,2/17/2022 16:00
U.S. Dollar Liquidity Swap,Bank of Japan,USD,2/15/2022,2/17/2022,2/25/2022,8,1000000.00,0.34,,2/17/2022 16:00
U.S. Dollar Liquidity Swap,European Central Bank,USD,2/9/2022,2/10/2022,2/17/2022,7,210500000.00,0.34,,2/10/2022 16:00
U.S. Dollar Liquidity Swap,Bank of Japan,USD,2/8/2022,2/10/2022,2/17/2022,7,3000000.00,0.34,,2/10/2022 16:00
U.S. Dollar Liquidity Swap,European Central Bank,USD,2/7/2022,2/7/2022,2/8/2022,1,50000.00,0.33,Y,2/10/2022 16:00
U.S. Dollar Liquidity Swap,European Central Bank,USD,2/2/2022,2/3/2022,2/10/2022,7,199500000.00,0.33,,2/3/2022 16:00
U.S. Dollar Liquidity Swap,European Central Bank,USD,1/26/2022,1/27/2022,2/3/2022,7,212500000.00,0.34,,1/27/2022 16:00
U.S. Dollar Liquidity Swap,Bank of Japan,USD,1/25/2022,1/27/2022,2/3/2022,7,1000000.00,0.34,,1/27/2022 16:00
U.S. Dollar Liquidity Swap,European Central Bank,USD,1/19/2022,1/20/2022,1/27/2022,7,215000000.00,0.33,,1/20/2022 16:00
U.S. Dollar Liquidity Swap,European Central Bank,USD,1/12/2022,1/13/2022,1/20/2022,7,215000000.00,0.33,,1/13/2022 16:00
U.S. Dollar Liquidity Swap,Bank of Japan,USD,1/11/2022,1/13/2022,1/20/2022,7,1000000.00,0.33,,1/13/2022 16:00
U.S. Dollar Liquidity Swap,European Central Bank,USD,1/5/2022,1/6/2022,1/13/2022,7,313500000.00,0.33,,1/6/2022 16:00
U.S. Dollar Liquidity Swap,European Central Bank,USD,12/22/2021,12/23/2021,1/6/2022,14,939500000.00,0.33,,12/23/2021 16:00
U.S. Dollar Liquidity Swap,Bank of Japan,USD,12/21/2021,12/23/2021,12/30/2021,7,1000000.00,0.33,,12/23/2021 16:00
U.S. Dollar Liquidity Swap,European Central Bank,USD,12/15/2021,12/16/2021,12/23/2021,7,204000000.00,0.33,,12/16/2021 16:00
U.S. Dollar Liquidity Swap,Bank of Japan,USD,12/14/2021,12/16/2021,12/23/2021,7,1000000.00,0.33,,12/16/2021 16:00
U.S. Dollar Liquidity Swap,European Central Bank,USD,12/8/2021,12/9/2021,12/16/2021,7,220000000.00,0.34,,12/9/2021 16:00
U.S. Dollar Liquidity Swap,Bank of Japan,USD,12/7/2021,12/9/2021,12/16/2021,7,3000000.00,0.33,,12/9/2021 16:00
U.S. Dollar Liquidity Swap,European Central Bank,USD,12/1/2021,12/2/2021,12/9/2021,7,216500000.00,0.33,,12/2/2021 16:00
U.S. Dollar Liquidity Swap,European Central Bank,USD,11/24/2021,11/26/2021,12/2/2021,6,217500000.00,0.33,,11/26/2021 16:00
U.S. Dollar Liquidity Swap,European Central Bank,USD,11/17/2021,11/18/2021,11/26/2021,8,216500000.00,0.33,,11/18/2021 16:00
U.S. Dollar Liquidity Swap,Bank of Japan,USD,11/16/2021,11/18/2021,11/26/2021,8,1000000.00,0.33,,11/18/2021 16:00
U.S. Dollar Liquidity Swap,European Central Bank,USD,11/10/2021,11/12/2021,11/18/2021,6,215000000.00,0.33,,11/12/2021 16:00
U.S. Dollar Liquidity Swap,European Central Bank,USD,11/3/2021,11/4/2021,11/12/2021,8,228000000.00,0.32,,11/4/2021 16:00
U.S. Dollar Liquidity Swap,European Central Bank,USD,10/27/2021,10/28/2021,11/4/2021,7,232000000.00,0.33,,10/28/2021 16:00
Non-U.S. Dollar Liquidity Swap,Bank of Japan,JPY,10/21/2021,10/22/2021,10/25/2021,3,51000.00,0.219,Y,10/28/2021 16:00
U.S. Dollar Liquidity Swap,European Central Bank,USD,10/20/2021,10/21/2021,10/28/2021,7,222000000.00,0.32,,10/21/2021 16:00
U.S. Dollar Liquidity Swap,Bank of Japan,USD,10/19/2021,10/21/2021,10/28/2021,7,1000000.00,0.33,,10/21/2021 16:00
U.S. Dollar Liquidity Swap,European Central Bank,USD,10/13/2021,10/14/2021,10/21/2021,7,236000000.00,0.33,,10/14/2021 16:00
U.S. Dollar Liquidity Swap,European Central Bank,USD,10/6/2021,10/7/2021,10/14/2021,7,217000000.00,0.33,,10/7/2021 17:00
U.S. Dollar Liquidity Swap,Bank of Japan,USD,10/5/2021,10/7/2021,10/14/2021,7,1000000.00,0.33,,10/7/2021 17:00
U.S. Dollar Liquidity Swap,European Central Bank,USD,9/29/2021,9/30/2021,10/7/2021,7,227500000.00,0.33,,9/30/2021 16:00
U.S. Dollar Liquidity Swap,European Central Bank,USD,9/29/2021,9/29/2021,9/30/2021,1,51000.47,0.33,Y,9/30/2021 16:00
U.S. Dollar Liquidity Swap,European Central Bank,USD,9/28/2021,9/28/2021,9/29/2021,1,60000.00,0.33,Y,9/30/2021 16:00
U.S. Dollar Liquidity Swap,European Central Bank,USD,9/22/2021,9/23/2021,9/30/2021,7,239500000.00,0.33,,9/23/2021 16:00
U.S. Dollar Liquidity Swap,European Central Bank,USD,9/15/2021,9/16/2021,9/23/2021,7,230200000.00,0.33,,9/16/2021 16:00
U.S. Dollar Liquidity Swap,Bank of Japan,USD,9/14/2021,9/16/2021,9/24/2021,8,1000000.00,0.33,,9/16/2021 16:00
U.S. Dollar Liquidity Swap,European Central Bank,USD,9/8/2021,9/9/2021,9/16/2021,7,224000000.00,0.33,,9/9/2021 16:00
U.S. Dollar Liquidity Swap,European Central Bank,USD,9/1/2021,9/2/2021,9/9/2021,7,223500000.00,0.33,,9/2/2021 16:00
U.S. Dollar Liquidity Swap,European Central Bank,USD,8/25/2021,8/26/2021,9/2/2021,7,229000000.00,0.34,,8/26/2021 16:00
U.S. Dollar Liquidity Swap,Bank of Japan,USD,8/24/2021,8/26/2021,9/2/2021,7,2000000.00,0.34,,8/26/2021 16:00
U.S. Dollar Liquidity Swap,European Central Bank,USD,8/18/2021,8/19/2021,8/26/2021,7,200000000.00,0.34,,8/19/2021 16:00
U.S. Dollar Liquidity Swap,Bank of Japan,USD,8/17/2021,8/19/2021,8/26/2021,7,1000000.00,0.34,,8/19/2021 16:00
U.S. Dollar Liquidity Swap,European Central Bank,USD,8/11/2021,8/12/2021,8/19/2021,7,203000000.00,0.35,,8/12/2021 16:00
U.S. Dollar Liquidity Swap,European Central Bank,USD,8/4/2021,8/5/2021,8/12/2021,7,194000000.00,0.34,,8/5/2021 16:00
U.S. Dollar Liquidity Swap,European Central Bank,USD,7/28/2021,7/29/2021,8/5/2021,7,139900000.00,0.34,,7/29/2021 16:00
U.S. Dollar Liquidity Swap,European Central Bank,USD,7/21/2021,7/22/2021,7/29/2021,7,132900000.00,0.35,,7/22/2021 16:00
U.S. Dollar Liquidity Swap,European Central Bank,USD,7/14/2021,7/15/2021,7/22/2021,7,131800000.00,0.34,,7/15/2021 16:00
U.S. Dollar Liquidity Swap,Bank of Japan,USD,7/7/2021,7/9/2021,7/15/2021,6,1000000.00,0.35,,7/15/2021 16:00
U.S. Dollar Liquidity Swap,European Central Bank,USD,7/7/2021,7/8/2021,7/15/2021,7,121700000.00,0.35,,7/15/2021 16:00
U.S. Dollar Liquidity Swap,European Central Bank,USD,6/30/2021,7/1/2021,9/23/2021,84,5000000.00,0.34,,7/1/2021 16:00
U.S. Dollar Liquidity Swap,European Central Bank,USD,6/30/2021,7/1/2021,7/8/2021,7,162000000.00,0.35,,7/1/2021 16:00
U.S. Dollar Liquidity Swap,European Central Bank,USD,6/23/2021,6/24/2021,7/1/2021,7,215000000.00,0.35,,6/24/2021 16:00
U.S. Dollar Liquidity Swap,European Central Bank,USD,6/16/2021,6/17/2021,6/24/2021,7,115000000.00,0.33,,6/16/2021 9:00
U.S. Dollar Liquidity Swap,European Central Bank,USD,6/9/2021,6/10/2021,6/17/2021,7,142000000.00,0.31,,6/9/2021 9:00
U.S. Dollar Liquidity Swap,European Central Bank,USD,6/2/2021,6/3/2021,8/26/2021,84,20000000.00,0.33,,6/2/2021 9:00
U.S. Dollar Liquidity Swap,European Central Bank,USD,6/2/2021,6/3/2021,6/10/2021,7,108000000.00,0.31,,6/2/2021 9:00
U.S. Dollar Liquidity Swap,European Central Bank,USD,5/26/2021,5/27/2021,6/3/2021,7,120000000.00,0.31,,5/26/2021 9:00
U.S. Dollar Liquidity Swap,European Central Bank,USD,5/19/2021,5/20/2021,5/27/2021,7,104500000.00,0.31,,5/19/2021 9:00
U.S. Dollar Liquidity Swap,European Central Bank,USD,5/19/2021,5/20/2021,8/12/2021,84,13200000.00,0.32,,5/19/2021 9:00
U.S. Dollar Liquidity Swap,European Central Bank,USD,5/12/2021,5/14/2021,8/5/2021,83,50000000.00,0.33,,5/12/2021 9:00
U.S. Dollar Liquidity Swap,European Central Bank,USD,5/12/2021,5/14/2021,5/20/2021,6,78000000.00,0.31,,5/12/2021 9:00
U.S. Dollar Liquidity Swap,European Central Bank,USD,5/5/2021,5/6/2021,7/29/2021,84,5000000.00,0.33,,5/5/2021 9:00
U.S. Dollar Liquidity Swap,European Central Bank,USD,5/5/2021,5/6/2021,5/14/2021,8,43000000.00,0.32,,5/5/2021 9:00
U.S. Dollar Liquidity Swap,European Central Bank,USD,4/28/2021,4/29/2021,5/6/2021,7,113500000.00,0.33,,4/28/2021 9:00
U.S. Dollar Liquidity Swap,European Central Bank,USD,4/21/2021,4/22/2021,4/29/2021,7,63500000.00,0.32,,4/21/2021 9:00
U.S. Dollar Liquidity Swap,European Central Bank,USD,4/21/2021,4/22/2021,7/15/2021,84,10000000.00,0.33,,4/21/2021 9:00
U.S. Dollar Liquidity Swap,European Central Bank,USD,4/14/2021,4/15/2021,7/8/2021,84,5000000.00,0.33,,4/14/2021 9:00
U.S. Dollar Liquidity Swap,European Central Bank,USD,4/14/2021,4/15/2021,4/22/2021,7,43000000.00,0.32,,4/14/2021 9:00
U.S. Dollar Liquidity Swap,Bank of Japan,USD,4/13/2021,4/15/2021,4/22/2021,7,1000000.00,0.31,,4/13/2021 9:00
U.S. Dollar Liquidity Swap,European Central Bank,USD,4/7/2021,4/8/2021,4/15/2021,7,150000000.00,0.31,,4/7/2021 9:00
U.S. Dollar Liquidity Swap,European Central Bank,USD,3/31/2021,4/1/2021,4/8/2021,7,213000000.00,0.32,,3/31/2021 9:00
U.S. Dollar Liquidity Swap,European Central Bank,USD,3/31/2021,4/1/2021,6/24/2021,84,5000000.00,0.32,,3/31/2021 9:00
U.S. Dollar Liquidity Swap,European Central Bank,USD,3/24/2021,3/25/2021,4/1/2021,7,190200000.00,0.32,,3/24/2021 9:00
U.S. Dollar Liquidity Swap,European Central Bank,USD,3/17/2021,3/18/2021,3/25/2021,7,60100000.00,0.32,,3/17/2021 9:00
U.S. Dollar Liquidity Swap,Bank of Japan,USD,3/16/2021,3/18/2021,3/25/2021,7,2000000.00,0.32,,3/16/2021 9:00
U.S. Dollar Liquidity Swap,European Central Bank,USD,3/10/2021,3/11/2021,6/3/2021,84,5000000.00,0.32,,3/10/2021 9:00
U.S. Dollar Liquidity Swap,European Central Bank,USD,3/10/2021,3/11/2021,3/18/2021,7,70000000.00,0.32,,3/10/2021 9:00
Non-U.S. Dollar Liquidity Swap,European Central Bank,EUR,3/8/2021,3/8/2021,3/9/2021,1,10000.00,0.25,Y,3/8/2021 9:00
U.S. Dollar Liquidity Swap,European Central Bank,USD,3/3/2021,3/4/2021,3/11/2021,7,90100000.00,0.32,,3/3/2021 9:00
U.S. Dollar Liquidity Swap,European Central Bank,USD,3/3/2021,3/4/2021,5/27/2021,84,20000000.00,0.33,,3/3/2021 9:00
U.S. Dollar Liquidity Swap,Bank of Japan,USD,3/2/2021,3/4/2021,3/11/2021,7,1000000.00,0.32,,3/2/2021 9:00
U.S. Dollar Liquidity Swap,Bank of Japan,USD,2/24/2021,2/26/2021,3/4/2021,6,2000000.00,0.32,,2/24/2021 9:00
U.S. Dollar Liquidity Swap,European Central Bank,USD,2/24/2021,2/25/2021,3/4/2021,7,45000000.00,0.32,,2/24/2021 9:00
U.S. Dollar Liquidity Swap,European Central Bank,USD,2/24/2021,2/25/2021,5/20/2021,84,14000000.00,0.32,,2/24/2021 9:00
U.S. Dollar Liquidity Swap,Bank of Japan,USD,2/17/2021,2/19/2021,2/26/2021,7,1000000.00,0.32,,2/17/2021 9:00
U.S. Dollar Liquidity Swap,European Central Bank,USD,2/17/2021,2/18/2021,5/14/2021,85,30000000.00,0.32,,2/17/2021 9:00
U.S. Dollar Liquidity Swap,European Central Bank,USD,2/17/2021,2/18/2021,2/25/2021,7,137000000.00,0.32,,2/17/2021 9:00
U.S. Dollar Liquidity Swap,European Central Bank,USD,2/10/2021,2/11/2021,2/18/2021,7,126100000.00,0.32,,2/10/2021 9:00
U.S. Dollar Liquidity Swap,Bank of Japan,USD,2/9/2021,2/12/2021,2/19/2021,7,2000000.00,0.32,,2/9/2021 9:00
U.S. Dollar Liquidity Swap,European Central Bank,USD,2/3/2021,2/4/2021,2/11/2021,7,56000000.00,0.32,,2/3/2021 9:00
U.S. Dollar Liquidity Swap,European Central Bank,USD,2/3/2021,2/4/2021,4/29/2021,84,100000000.00,0.32,,2/3/2021 9:00
U.S. Dollar Liquidity Swap,European Central Bank,USD,1/27/2021,1/28/2021,2/4/2021,7,72200000.00,0.33,,1/27/2021 9:00
U.S. Dollar Liquidity Swap,European Central Bank,USD,1/20/2021,1/21/2021,1/28/2021,7,62100000.00,0.34,,1/20/2021 9:00
U.S. Dollar Liquidity Swap,European Central Bank,USD,1/20/2021,1/21/2021,4/15/2021,84,21000000.00,0.33,,1/20/2021 9:00
U.S. Dollar Liquidity Swap,European Central Bank,USD,1/13/2021,1/14/2021,4/8/2021,84,10000000.00,0.33,,1/13/2021 9:00
U.S. Dollar Liquidity Swap,European Central Bank,USD,1/13/2021,1/14/2021,1/21/2021,7,62000000.00,0.34,,1/13/2021 9:00
U.S. Dollar Liquidity Swap,European Central Bank,USD,1/6/2021,1/7/2021,1/14/2021,7,53600000.00,0.34,,1/6/2021 9:00
U.S. Dollar Liquidity Swap,European Central Bank,USD,1/6/2021,1/7/2021,4/1/2021,84,120000000.00,0.33,,1/6/2021 9:00
U.S. Dollar Liquidity Swap,European Central Bank,USD,12/16/2020,12/17/2020,1/7/2021,21,3134200000.00,0.33,,12/16/2020 9:00
U.S. Dollar Liquidity Swap,European Central Bank,USD,12/16/2020,12/17/2020,3/11/2021,84,514000000.00,0.33,,12/16/2020 9:00
U.S. Dollar Liquidity Swap,European Central Bank,USD,12/9/2020,12/10/2020,3/4/2021,84,75000000.00,0.33,,12/9/2020 9:00
U.S. Dollar Liquidity Swap,European Central Bank,USD,12/9/2020,12/10/2020,12/17/2020,7,40100000.00,0.34,,12/9/2020 9:00
U.S. Dollar Liquidity Swap,European Central Bank,USD,12/2/2020,12/3/2020,2/25/2021,84,14800000.00,0.33,,12/2/2020 9:00
U.S. Dollar Liquidity Swap,European Central Bank,USD,12/2/2020,12/3/2020,12/10/2020,7,100000000.00,0.33,,12/2/2020 9:00
U.S. Dollar Liquidity Swap,European Central Bank,USD,11/25/2020,11/27/2020,2/18/2021,83,40000000.00,0.33,,11/25/2020 9:00
U.S. Dollar Liquidity Swap,European Central Bank,USD,11/25/2020,11/27/2020,12/3/2020,6,109900000.00,0.34,,11/25/2020 9:00
U.S. Dollar Liquidity Swap,European Central Bank,USD,11/18/2020,11/19/2020,2/11/2021,84,170000000.00,0.33,,11/18/2020 9:00
U.S. Dollar Liquidity Swap,European Central Bank,USD,11/18/2020,11/19/2020,11/27/2020,8,51100000.00,0.34,,11/18/2020 9:00
U.S. Dollar Liquidity Swap,European Central Bank,USD,11/10/2020,11/12/2020,11/19/2020,7,61000000.00,0.34,,11/10/2020 9:00
U.S. Dollar Liquidity Swap,European Central Bank,USD,11/10/2020,11/12/2020,2/4/2021,84,100000000.00,0.33,,11/10/2020 9:00
Non-U.S. Dollar Liquidity Swap,Bank of Japan,JPY,11/6/2020,11/9/2020,11/10/2020,1,51000.00,0.221,Y,11/6/2020 9:00
U.S. Dollar Liquidity Swap,European Central Bank,USD,11/4/2020,11/5/2020,11/12/2020,7,195900000.00,0.34,,11/4/2020 9:00
U.S. Dollar Liquidity Swap,European Central Bank,USD,10/28/2020,10/29/2020,11/5/2020,7,141500000.00,0.33,,10/28/2020 9:00
U.S. Dollar Liquidity Swap,European Central Bank,USD,10/28/2020,10/29/2020,1/21/2021,84,115000000.00,0.33,,10/28/2020 9:00
U.S. Dollar Liquidity Swap,European Central Bank,USD,10/21/2020,10/22/2020,10/29/2020,7,37500000.00,0.34,,10/21/2020 9:00
U.S. Dollar Liquidity Swap,European Central Bank,USD,10/21/2020,10/22/2020,1/14/2021,84,12000000.00,0.33,,10/21/2020 9:00
U.S. Dollar Liquidity Swap,Bank of Japan,USD,10/20/2020,10/22/2020,10/29/2020,7,30000000.00,0.34,,10/20/2020 9:00
U.S. Dollar Liquidity Swap,Bank of Japan,USD,10/14/2020,10/16/2020,10/22/2020,6,80000000.00,0.34,,10/14/2020 9:00
U.S. Dollar Liquidity Swap,European Central Bank,USD,10/14/2020,10/15/2020,1/7/2021,84,15000000.00,0.33,,10/14/2020 9:00
U.S. Dollar Liquidity Swap,European Central Bank,USD,10/14/2020,10/15/2020,10/22/2020,7,49600000.00,0.34,,10/14/2020 9:00
U.S. Dollar Liquidity Swap,European Central Bank,USD,10/7/2020,10/8/2020,12/17/2020,70,200000000.00,0.33,,10/7/2020 9:00
U.S. Dollar Liquidity Swap,European Central Bank,USD,10/7/2020,10/8/2020,10/15/2020,7,58100000.00,0.33,,10/7/2020 9:00
U.S. Dollar Liquidity Swap,Bank of Japan,USD,10/6/2020,10/8/2020,10/16/2020,8,330000000.00,0.33,,10/6/2020 9:00
U.S. Dollar Liquidity Swap,European Central Bank,USD,9/30/2020,10/1/2020,10/8/2020,7,58500000.00,0.33,,9/30/2020 9:00
U.S. Dollar Liquidity Swap,European Central Bank,USD,9/30/2020,9/30/2020,10/1/2020,1,51000.48,0.34,Y,9/30/2020 9:00
U.S. Dollar Liquidity Swap,European Central Bank,USD,9/30/2020,10/1/2020,12/17/2020,77,5000000.00,0.33,,9/30/2020 9:00
U.S. Dollar Liquidity Swap,Bank of Japan,USD,9/29/2020,10/1/2020,10/8/2020,7,800000000.00,0.34,,9/29/2020 9:00
U.S. Dollar Liquidity Swap,European Central Bank,USD,9/29/2020,9/29/2020,9/30/2020,1,60000.00,0.34,Y,9/29/2020 9:00
U.S. Dollar Liquidity Swap,Bank of Japan,USD,9/23/2020,9/25/2020,10/1/2020,6,670000000.00,0.34,,9/23/2020 9:00
U.S. Dollar Liquidity Swap,European Central Bank,USD,9/23/2020,9/24/2020,12/17/2020,84,128000000.00,0.33,,9/23/2020 9:00
U.S. Dollar Liquidity Swap,European Central Bank,USD,9/23/2020,9/24/2020,10/1/2020,7,36800000.00,0.34,,9/23/2020 9:00
U.S. Dollar Liquidity Swap,European Central Bank,USD,9/16/2020,9/17/2020,9/24/2020,7,30500000.00,0.34,,9/16/2020 9:00
U.S. Dollar Liquidity Swap,Bank of Japan,USD,9/15/2020,9/17/2020,12/10/2020,84,165000000.00,0.33,,9/15/2020 9:00
U.S. Dollar Liquidity Swap,Bank of Japan,USD,9/15/2020,9/17/2020,9/25/2020,8,742000000.00,0.34,,9/15/2020 9:00
U.S. Dollar Liquidity Swap,Bank of Japan,USD,9/9/2020,9/11/2020,12/3/2020,83,585000000.00,0.33,,9/9/2020 9:00
U.S. Dollar Liquidity Swap,Bank of Japan,USD,9/9/2020,9/11/2020,9/17/2020,6,640000000.00,0.35,,9/9/2020 9:00
U.S. Dollar Liquidity Swap,European Central Bank,USD,9/9/2020,9/10/2020,12/3/2020,84,9800000.00,0.33,,9/9/2020 9:00
U.S. Dollar Liquidity Swap,European Central Bank,USD,9/9/2020,9/10/2020,9/17/2020,7,30400000.00,0.35,,9/9/2020 9:00
U.S. Dollar Liquidity Swap,European Central Bank,USD,9/2/2020,9/3/2020,11/27/2020,85,40000000.00,0.32,,9/2/2020 9:00
U.S. Dollar Liquidity Swap,European Central Bank,USD,9/2/2020,9/3/2020,9/10/2020,7,30300000.00,0.34,,9/2/2020 9:00
U.S. Dollar Liquidity Swap,Bank of Japan,USD,9/1/2020,9/3/2020,9/11/2020,8,10000000.00,0.34,,9/1/2020 9:00
U.S. Dollar Liquidity Swap,Bank of Japan,USD,9/1/2020,9/3/2020,11/27/2020,85,355000000.00,0.33,,9/1/2020 9:00
U.S. Dollar Liquidity Swap,European Central Bank,USD,8/26/2020,8/27/2020,9/3/2020,7,40300000.00,0.34,,8/26/2020 9:00
U.S. Dollar Liquidity Swap,Bank of Japan,USD,8/25/2020,8/27/2020,9/3/2020,7,673000000.00,0.34,,8/25/2020 9:00
U.S. Dollar Liquidity Swap,Bank of Japan,USD,8/25/2020,8/27/2020,11/19/2020,84,171000000.00,0.32,,8/25/2020 9:00
U.S. Dollar Liquidity Swap,European Central Bank,USD,8/19/2020,8/20/2020,8/27/2020,7,35300000.00,0.34,,8/19/2020 9:00
U.S. Dollar Liquidity Swap,European Central Bank,USD,8/19/2020,8/20/2020,11/12/2020,84,240000000.00,0.33,,8/19/2020 9:00
U.S. Dollar Liquidity Swap,Bank of Japan,USD,8/18/2020,8/20/2020,11/13/2020,85,405000000.00,0.33,,8/18/2020 9:00
U.S. Dollar Liquidity Swap,Bank of Japan,USD,8/18/2020,8/20/2020,8/27/2020,7,1523000000.00,0.34,,8/18/2020 9:00
U.S. Dollar Liquidity Swap,European Central Bank,USD,8/12/2020,8/13/2020,8/20/2020,7,30200000.00,0.34,,8/12/2020 9:00
U.S. Dollar Liquidity Swap,Bank of Japan,USD,8/11/2020,8/13/2020,11/6/2020,85,165000000.00,0.32,,8/11/2020 9:00
U.S. Dollar Liquidity Swap,Bank of Japan,USD,8/11/2020,8/13/2020,8/20/2020,7,2752000000.00,0.34,,8/11/2020 9:00
U.S. Dollar Liquidity Swap,European Central Bank,USD,8/5/2020,8/6/2020,10/29/2020,84,418000000.00,0.32,,8/5/2020 9:00
U.S. Dollar Liquidity Swap,European Central Bank,USD,8/5/2020,8/6/2020,8/13/2020,7,30000000.00,0.34,,8/5/2020 9:00
U.S. Dollar Liquidity Swap,Bank of Japan,USD,8/4/2020,8/6/2020,8/13/2020,7,3647000000.00,0.33,,8/4/2020 9:00
U.S. Dollar Liquidity Swap,Bank of Japan,USD,8/4/2020,8/6/2020,10/29/2020,84,370000000.00,0.32,,8/4/2020 9:00
U.S. Dollar Liquidity Swap,European Central Bank,USD,7/29/2020,7/30/2020,8/6/2020,7,39000000.00,0.33,,7/29/2020 9:00
U.S. Dollar Liquidity Swap,European Central Bank,USD,7/29/2020,7/30/2020,10/22/2020,84,172000000.00,0.32,,7/29/2020 9:00
U.S. Dollar Liquidity Swap,Bank of Japan,USD,7/28/2020,7/30/2020,8/6/2020,7,4023000000.00,0.33,,7/28/2020 9:00
U.S. Dollar Liquidity Swap,Bank of Japan,USD,7/28/2020,7/30/2020,10/22/2020,84,770000000.00,0.32,,7/28/2020 9:00
U.S. Dollar Liquidity Swap,European Central Bank,USD,7/22/2020,7/23/2020,10/15/2020,84,457000000.00,0.33,,7/22/2020 9:00
U.S. Dollar Liquidity Swap,European Central Bank,USD,7/22/2020,7/23/2020,7/30/2020,7,45000000.00,0.34,,7/22/2020 9:00
U.S. Dollar Liquidity Swap,European Central Bank,USD,7/20/2020,7/21/2020,7/28/2020,7,500000000.00,0.34,,7/20/2020 9:00
U.S. Dollar Liquidity Swap,Bank of Japan,USD,7/17/2020,7/21/2020,8/4/2020,14,92000000.00,0.34,,7/17/2020 9:00
U.S. Dollar Liquidity Swap,European Central Bank,USD,7/15/2020,7/16/2020,7/23/2020,7,40500000.00,0.34,,7/15/2020 9:00
U.S. Dollar Liquidity Swap,European Central Bank,USD,7/15/2020,7/16/2020,10/8/2020,84,207000000.00,0.32,,7/15/2020 9:00
U.S. Dollar Liquidity Swap,Bank of Japan,USD,7/14/2020,7/16/2020,7/30/2020,14,11860000000.00,0.34,,7/14/2020 9:00
U.S. Dollar Liquidity Swap,Bank of Japan,USD,7/14/2020,7/16/2020,10/8/2020,84,6970000000.00,0.32,,7/14/2020 9:00
U.S. Dollar Liquidity Swap,European Central Bank,USD,7/13/2020,7/14/2020,7/21/2020,7,1370000000.00,0.33,,7/13/2020 9:00
U.S. Dollar Liquidity Swap,Bank of Japan,USD,7/10/2020,7/14/2020,7/21/2020,7,108000000.00,0.33,,7/10/2020 9:00
U.S. Dollar Liquidity Swap,European Central Bank,USD,7/8/2020,7/9/2020,10/1/2020,84,54600000.00,0.32,,7/8/2020 9:00
U.S. Dollar Liquidity Swap,European Central Bank,USD,7/8/2020,7/9/2020,7/16/2020,7,343500000.00,0.34,,7/8/2020 9:00
U.S. Dollar Liquidity Swap,Bank of Japan,USD,7/7/2020,7/9/2020,7/16/2020,7,19607000000.00,0.33,,7/7/2020 9:00
U.S. Dollar Liquidity Swap,Bank of Japan,USD,7/7/2020,7/9/2020,10/1/2020,84,7910000000.00,0.32,,7/7/2020 9:00
U.S. Dollar Liquidity Swap,Bank of Japan,USD,7/2/2020,7/7/2020,7/14/2020,7,94000000.00,0.32,,7/2/2020 9:00
U.S. Dollar Liquidity Swap,European Central Bank,USD,7/1/2020,7/2/2020,7/9/2020,7,69000000.00,0.32,,7/1/2020 9:00
U.S. Dollar Liquidity Swap,European Central Bank,USD,7/1/2020,7/2/2020,9/24/2020,84,345000000.00,0.31,,7/1/2020 9:00
U.S. Dollar Liquidity Swap,Bank of Japan,USD,6/30/2020,7/2/2020,7/9/2020,7,21182000000.00,0.32,,6/30/2020 9:00
U.S. Dollar Liquidity Swap,Bank of Japan,USD,6/30/2020,7/2/2020,9/25/2020,85,6372000000.00,0.31,,6/30/2020 9:00
U.S. Dollar Liquidity Swap,Bank of Japan,USD,6/29/2020,7/1/2020,7/8/2020,7,93000000.00,0.33,,6/29/2020 9:00
U.S. Dollar Liquidity Swap,European Central Bank,USD,6/29/2020,6/30/2020,7/7/2020,7,105000000.00,0.33,,6/29/2020 9:00
U.S. Dollar Liquidity Swap,Bank of Japan,USD,6/26/2020,6/30/2020,7/7/2020,7,90000000.00,0.33,,6/26/2020 9:00
U.S. Dollar Liquidity Swap,European Central Bank,USD,6/26/2020,6/29/2020,7/6/2020,7,200000000.00,0.33,,6/26/2020 9:00
U.S. Dollar Liquidity Swap,Bank of Japan,USD,6/25/2020,6/29/2020,7/6/2020,7,200000000.00,0.33,,6/25/2020 9:00
U.S. Dollar Liquidity Swap,Bank of Japan,USD,6/24/2020,6/26/2020,7/6/2020,10,100000000.00,0.33,,6/24/2020 9:00
U.S. Dollar Liquidity Swap,European Central Bank,USD,6/24/2020,6/25/2020,9/17/2020,84,1350000000.00,0.32,,6/24/2020 9:00
U.S. Dollar Liquidity Swap,European Central Bank,USD,6/24/2020,6/25/2020,7/2/2020,7,188500000.00,0.33,,6/24/2020 9:00
U.S. Dollar Liquidity Swap,Bank of Japan,USD,6/23/2020,6/25/2020,7/2/2020,7,21303000000.00,0.34,,6/23/2020 9:00
U.S. Dollar Liquidity Swap,Bank of Japan,USD,6/23/2020,6/25/2020,9/17/2020,84,16016000000.00,0.32,,6/23/2020 9:00
U.S. Dollar Liquidity Swap,European Central Bank,USD,6/23/2020,6/24/2020,7/1/2020,7,5000000.00,0.34,,6/23/2020 9:00
U.S. Dollar Liquidity Swap,Bank of Japan,USD,6/22/2020,6/24/2020,7/1/2020,7,158000000.00,0.34,,6/22/2020 9:00
U.S. Dollar Liquidity Swap,European Central Bank,USD,6/17/2020,6/18/2020,9/10/2020,84,3194800000.00,0.34,,6/17/2020 9:00
U.S. Dollar Liquidity Swap,European Central Bank,USD,6/17/2020,6/18/2020,6/25/2020,7,30000000.00,0.34,,6/17/2020 9:00
U.S. Dollar Liquidity Swap,Bank of Japan,USD,6/16/2020,6/18/2020,6/25/2020,7,23114000000.00,0.35,,6/16/2020 9:00
U.S. Dollar Liquidity Swap,Bank of Japan,USD,6/16/2020,6/18/2020,9/11/2020,85,17044000000.00,0.34,,6/16/2020 9:00
U.S. Dollar Liquidity Swap,Bank of Japan,USD,6/15/2020,6/17/2020,6/24/2020,7,170000000.00,0.34,,6/15/2020 9:00
U.S. Dollar Liquidity Swap,European Central Bank,USD,6/15/2020,6/16/2020,6/23/2020,7,14800000.00,0.34,,6/15/2020 9:00
U.S. Dollar Liquidity Swap,European Central Bank,USD,6/11/2020,6/12/2020,6/19/2020,7,5000000.00,0.33,,6/11/2020 9:00
U.S. Dollar Liquidity Swap,European Central Bank,USD,6/10/2020,6/11/2020,6/18/2020,7,47000000.00,0.33,,6/10/2020 9:00
U.S. Dollar Liquidity Swap,European Central Bank,USD,6/10/2020,6/11/2020,9/3/2020,84,480000000.00,0.33,,6/10/2020 9:00
U.S. Dollar Liquidity Swap,Bank of Japan,USD,6/9/2020,6/11/2020,6/18/2020,7,7933000000.00,0.33,,6/9/2020 9:00
U.S. Dollar Liquidity Swap,Bank of Japan,USD,6/9/2020,6/11/2020,9/3/2020,84,15890000000.00,0.33,,6/9/2020 9:00
U.S. Dollar Liquidity Swap,European Central Bank,USD,6/9/2020,6/10/2020,6/17/2020,7,5000000.00,0.33,,6/9/2020 9:00
U.S. Dollar Liquidity Swap,Bank of Japan,USD,6/8/2020,6/10/2020,6/17/2020,7,172000000.00,0.32,,6/8/2020 9:00
U.S. Dollar Liquidity Swap,European Central Bank,USD,6/8/2020,6/9/2020,6/16/2020,7,5000000.00,0.32,,6/8/2020 9:00
U.S. Dollar Liquidity Swap,European Central Bank,USD,6/3/2020,6/4/2020,8/27/2020,84,495000000.00,0.3,,6/3/2020 9:00
U.S. Dollar Liquidity Swap,European Central Bank,USD,6/3/2020,6/4/2020,6/11/2020,7,124500000.00,0.3,,6/3/2020 9:00
U.S. Dollar Liquidity Swap,Bank of Japan,USD,6/2/2020,6/4/2020,6/11/2020,7,2747000000.00,0.3,,6/2/2020 9:00
U.S. Dollar Liquidity Swap,Bank of Japan,USD,6/2/2020,6/4/2020,8/27/2020,84,1355000000.00,0.3,,6/2/2020 9:00
U.S. Dollar Liquidity Swap,Bank of Japan,USD,6/1/2020,6/3/2020,6/10/2020,7,172000000.00,0.3,,6/1/2020 9:00
U.S. Dollar Liquidity Swap,European Central Bank,USD,5/29/2020,6/2/2020,6/9/2020,7,5000000.00,0.3,,5/29/2020 9:00
U.S. Dollar Liquidity Swap,Bank of Japan,USD,5/27/2020,5/29/2020,8/20/2020,83,1501000000.00,0.3,,5/27/2020 9:00
U.S. Dollar Liquidity Swap,European Central Bank,USD,5/27/2020,5/28/2020,6/4/2020,7,50500000.00,0.3,,5/27/2020 9:00
U.S. Dollar Liquidity Swap,European Central Bank,USD,5/27/2020,5/28/2020,8/20/2020,84,1510000000.00,0.3,,5/27/2020 9:00
U.S. Dollar Liquidity Swap,Bank of Japan,USD,5/26/2020,5/28/2020,6/4/2020,7,5250000000.00,0.3,,5/26/2020 9:00
U.S. Dollar Liquidity Swap,Bank of Japan,USD,5/22/2020,5/27/2020,6/3/2020,7,164000000.00,0.3,,5/22/2020 9:00
U.S. Dollar Liquidity Swap,European Central Bank,USD,5/22/2020,5/26/2020,6/2/2020,7,184000000.00,0.3,,5/22/2020 9:00
U.S. Dollar Liquidity Swap,European Central Bank,USD,5/20/2020,5/22/2020,5/28/2020,6,442000000.00,0.31,,5/20/2020 9:00
U.S. Dollar Liquidity Swap,European Central Bank,USD,5/20/2020,5/22/2020,8/13/2020,83,600000000.00,0.31,,5/20/2020 9:00
U.S. Dollar Liquidity Swap,Bank of Japan,USD,5/19/2020,5/21/2020,5/28/2020,7,9292000000.00,0.31,,5/19/2020 9:00
U.S. Dollar Liquidity Swap,Bank of Japan,USD,5/19/2020,5/21/2020,8/13/2020,84,2373000000.00,0.31,,5/19/2020 9:00
U.S. Dollar Liquidity Swap,Bank of Japan,USD,5/18/2020,5/20/2020,5/27/2020,7,118000000.00,0.3,,5/18/2020 9:00
U.S. Dollar Liquidity Swap,European Central Bank,USD,5/18/2020,5/19/2020,5/26/2020,7,94300000.00,0.3,,5/18/2020 9:00
U.S. Dollar Liquidity Swap,European Central Bank,USD,5/15/2020,5/18/2020,5/26/2020,8,10000000.00,0.3,,5/15/2020 9:00
U.S. Dollar Liquidity Swap,European Central Bank,USD,5/13/2020,5/14/2020,5/22/2020,8,791600000.00,0.31,,5/13/2020 9:00
U.S. Dollar Liquidity Swap,European Central Bank,USD,5/13/2020,5/14/2020,8/6/2020,84,3245000000.00,0.3,,5/13/2020 9:00
U.S. Dollar Liquidity Swap,Bank of Japan,USD,5/12/2020,5/14/2020,5/21/2020,7,9489000000.00,0.31,,5/12/2020 9:00
U.S. Dollar Liquidity Swap,Bank of Japan,USD,5/12/2020,5/14/2020,8/6/2020,84,2890000000.00,0.3,,5/12/2020 9:00
U.S. Dollar Liquidity Swap,Bank of Japan,USD,5/11/2020,5/13/2020,5/20/2020,7,86000000.00,0.3,,5/11/2020 9:00
U.S. Dollar Liquidity Swap,European Central Bank,USD,5/11/2020,5/12/2020,5/19/2020,7,76300000.00,0.3,,5/11/2020 9:00
U.S. Dollar Liquidity Swap,Bank of Japan,USD,5/8/2020,5/12/2020,5/19/2020,7,200000000.00,0.3,,5/8/2020 9:00
U.S. Dollar Liquidity Swap,Bank of Japan,USD,5/7/2020,5/11/2020,5/18/2020,7,400000000.00,0.3,,5/7/2020 9:00
U.S. Dollar Liquidity Swap,European Central Bank,USD,5/7/2020,5/11/2020,5/18/2020,7,5000000.00,0.3,,5/7/2020 9:00
U.S. Dollar Liquidity Swap,European Central Bank,USD,5/6/2020,5/7/2020,7/30/2020,84,1795000000.00,0.29,,5/6/2020 9:00
U.S. Dollar Liquidity Swap,European Central Bank,USD,5/6/2020,5/7/2020,5/14/2020,7,2291500000.00,0.3,,5/6/2020 9:00
U.S. Dollar Liquidity Swap,European Central Bank,USD,5/5/2020,5/6/2020,5/13/2020,7,200000000.00,0.29,,5/5/2020 9:00
U.S. Dollar Liquidity Swap,European Central Bank,USD,5/4/2020,5/5/2020,5/12/2020,7,1721300000.00,0.3,,5/4/2020 9:00
U.S. Dollar Liquidity Swap,Bank of Japan,USD,4/30/2020,5/7/2020,5/14/2020,7,2042000000.00,0.29,,4/30/2020 9:00
U.S. Dollar Liquidity Swap,European Central Bank,USD,4/30/2020,5/4/2020,5/11/2020,7,500000000.00,0.29,,4/30/2020 9:00
U.S. Dollar Liquidity Swap,European Central Bank,USD,4/29/2020,4/30/2020,5/7/2020,7,3005300000.00,0.32,,4/29/2020 9:00
U.S. Dollar Liquidity Swap,European Central Bank,USD,4/29/2020,4/30/2020,7/23/2020,84,1610000000.00,0.32,,4/29/2020 9:00
U.S. Dollar Liquidity Swap,Bank of Japan,USD,4/28/2020,4/30/2020,5/14/2020,14,6670000000.00,0.32,,4/28/2020 9:00
U.S. Dollar Liquidity Swap,Bank of Japan,USD,4/28/2020,4/30/2020,7/16/2020,77,1016000000.00,0.33,,4/28/2020 9:00
U.S. Dollar Liquidity Swap,Bank of Japan,USD,4/27/2020,4/30/2020,5/7/2020,7,541000000.00,0.32,,4/27/2020 9:00
U.S. Dollar Liquidity Swap,European Central Bank,USD,4/27/2020,4/28/2020,5/5/2020,7,1868000000.00,0.32,,4/27/2020 9:00
U.S. Dollar Liquidity Swap,Bank of Japan,USD,4/24/2020,4/28/2020,5/7/2020,9,310000000.00,0.31,,4/24/2020 9:00
U.S. Dollar Liquidity Swap,European Central Bank,USD,4/24/2020,4/27/2020,5/4/2020,7,200000000.00,0.31,,4/24/2020 9:00
U.S. Dollar Liquidity Swap,Bank of Japan,USD,4/23/2020,4/27/2020,5/7/2020,10,722000000.00,0.3,,4/23/2020 9:00
U.S. Dollar Liquidity Swap,European Central Bank,USD,4/23/2020,4/24/2020,5/4/2020,10,920000000.00,0.3,,4/23/2020 9:00
U.S. Dollar Liquidity Swap,Bank of Japan,USD,4/22/2020,4/24/2020,5/7/2020,13,971000000.00,0.31,,4/22/2020 9:00
U.S. Dollar Liquidity Swap,European Central Bank,USD,4/22/2020,4/23/2020,4/30/2020,7,3814000000.00,0.29,,4/22/2020 9:00
U.S. Dollar Liquidity Swap,European Central Bank,USD,4/22/2020,4/23/2020,7/16/2020,84,2003000000.00,0.32,,4/22/2020 9:00
U.S. Dollar Liquidity Swap,Bank of Japan,USD,4/21/2020,4/23/2020,7/16/2020,84,19903000000.00,0.32,,4/21/2020 9:00
U.S. Dollar Liquidity Swap,Bank of Japan,USD,4/21/2020,4/23/2020,4/30/2020,7,1290000000.00,0.3,,4/21/2020 9:00
U.S. Dollar Liquidity Swap,Bank of Japan,USD,4/20/2020,4/22/2020,4/30/2020,8,1020000000.00,0.3,,4/20/2020 9:00
U.S. Dollar Liquidity Swap,European Central Bank,USD,4/20/2020,4/21/2020,4/28/2020,7,1740000000.00,0.3,,4/20/2020 9:00
U.S. Dollar Liquidity Swap,Bank of Japan,USD,4/17/2020,4/21/2020,4/28/2020,7,640000000.00,0.3,,4/17/2020 9:00
U.S. Dollar Liquidity Swap,European Central Bank,USD,4/17/2020,4/20/2020,4/27/2020,7,205000000.00,0.3,,4/17/2020 9:00
U.S. Dollar Liquidity Swap,Bank of Japan,USD,4/16/2020,4/20/2020,4/27/2020,7,664000000.00,0.3,,4/16/2020 9:00
U.S. Dollar Liquidity Swap,European Central Bank,USD,4/16/2020,4/17/2020,4/24/2020,7,440000000.00,0.3,,4/16/2020 9:00
U.S. Dollar Liquidity Swap,Bank of Japan,USD,4/15/2020,4/17/2020,4/24/2020,7,1260000000.00,0.3,,4/15/2020 9:00
U.S. Dollar Liquidity Swap,European Central Bank,USD,4/15/2020,4/16/2020,4/23/2020,7,4805500000.00,0.3,,4/15/2020 9:00
U.S. Dollar Liquidity Swap,European Central Bank,USD,4/15/2020,4/16/2020,7/9/2020,84,2260200000.00,0.33,,4/15/2020 9:00
U.S. Dollar Liquidity Swap,Bank of Japan,USD,4/14/2020,4/16/2020,4/23/2020,7,2210000000.00,0.31,,4/14/2020 9:00
U.S. Dollar Liquidity Swap,Bank of Japan,USD,4/14/2020,4/16/2020,7/9/2020,84,26958000000.00,0.33,,4/14/2020 9:00
U.S. Dollar Liquidity Swap,European Central Bank,USD,4/14/2020,4/15/2020,4/22/2020,7,485000000.00,0.31,,4/14/2020 9:00
U.S. Dollar Liquidity Swap,Bank of Japan,USD,4/13/2020,4/15/2020,4/22/2020,7,931000000.00,0.3,,4/13/2020 9:00
U.S. Dollar Liquidity Swap,Bank of Japan,USD,4/10/2020,4/14/2020,4/21/2020,7,600000000.00,0.3,,4/10/2020 9:00
U.S. Dollar Liquidity Swap,Bank of Japan,USD,4/9/2020,4/13/2020,4/20/2020,7,998000000.00,0.31,,4/9/2020 9:00
U.S. Dollar Liquidity Swap,European Central Bank,USD,4/9/2020,4/14/2020,4/21/2020,7,463000000.00,0.31,,4/9/2020 9:00
U.S. Dollar Liquidity Swap,Bank of Japan,USD,4/8/2020,4/10/2020,4/17/2020,7,1080000000.00,0.3,,4/8/2020 9:00
U.S. Dollar Liquidity Swap,European Central Bank,USD,4/8/2020,4/9/2020,7/2/2020,84,11230700000.00,0.33,,4/8/2020 9:00
U.S. Dollar Liquidity Swap,European Central Bank,USD,4/8/2020,4/9/2020,4/16/2020,7,5922300000.00,0.3,,4/8/2020 9:00
U.S. Dollar Liquidity Swap,Bank of Japan,USD,4/7/2020,4/9/2020,7/2/2020,84,29442000000.00,0.33,,4/7/2020 9:00
U.S. Dollar Liquidity Swap,Bank of Japan,USD,4/7/2020,4/9/2020,4/16/2020,7,9360000000.00,0.3,,4/7/2020 9:00
U.S. Dollar Liquidity Swap,European Central Bank,USD,4/7/2020,4/8/2020,4/15/2020,7,943000000.00,0.3,,4/7/2020 9:00
U.S. Dollar Liquidity Swap,Bank of Japan,USD,4/6/2020,4/8/2020,4/15/2020,7,12880000000.00,0.31,,4/6/2020 9:00
U.S. Dollar Liquidity Swap,European Central Bank,USD,4/6/2020,4/7/2020,4/14/2020,7,2270000000.00,0.31,,4/6/2020 9:00
U.S. Dollar Liquidity Swap,Bank of Japan,USD,4/3/2020,4/7/2020,4/14/2020,7,5750000000.00,0.32,,4/3/2020 9:00
U.S. Dollar Liquidity Swap,European Central Bank,USD,4/3/2020,4/6/2020,4/14/2020,8,165000000.00,0.32,,4/3/2020 9:00
U.S. Dollar Liquidity Swap,Bank of Japan,USD,4/2/2020,4/6/2020,4/13/2020,7,1135000000.00,0.32,,4/2/2020 9:00
U.S. Dollar Liquidity Swap,European Central Bank,USD,4/2/2020,4/3/2020,4/9/2020,6,925000000.00,0.32,,4/2/2020 9:00
U.S. Dollar Liquidity Swap,Bank of Japan,USD,4/1/2020,4/3/2020,4/10/2020,7,950000000.00,0.32,,4/1/2020 9:00
U.S. Dollar Liquidity Swap,European Central Bank,USD,4/1/2020,4/2/2020,4/9/2020,7,6850200000.00,0.32,,4/1/2020 9:00
U.S. Dollar Liquidity Swap,European Central Bank,USD,4/1/2020,4/2/2020,6/25/2020,84,16468000000.00,0.32,,4/1/2020 9:00
U.S. Dollar Liquidity Swap,Bank of Japan,USD,3/31/2020,4/2/2020,4/9/2020,7,9285000000.00,0.32,,3/31/2020 9:00
U.S. Dollar Liquidity Swap,Bank of Japan,USD,3/31/2020,4/2/2020,6/25/2020,84,29724000000.00,0.32,,3/31/2020 9:00
U.S. Dollar Liquidity Swap,European Central Bank,USD,3/31/2020,4/1/2020,4/8/2020,7,2950000000.00,0.33,,3/31/2020 9:00
U.S. Dollar Liquidity Swap,Bank of Japan,USD,3/30/2020,4/1/2020,4/8/2020,7,24100000000.00,0.32,,3/30/2020 9:00
U.S. Dollar Liquidity Swap,European Central Bank,USD,3/30/2020,3/31/2020,4/7/2020,7,6650000000.00,0.32,,3/30/2020 9:00
U.S. Dollar Liquidity Swap,Bank of Japan,USD,3/27/2020,3/31/2020,4/7/2020,7,13100000000.00,0.34,,3/27/2020 9:00
U.S. Dollar Liquidity Swap,European Central Bank,USD,3/27/2020,3/30/2020,4/6/2020,7,2165000000.00,0.32,,3/27/2020 9:00
U.S. Dollar Liquidity Swap,Bank of Japan,USD,3/26/2020,3/30/2020,4/6/2020,7,2265000000.00,0.32,,3/26/2020 9:00
U.S. Dollar Liquidity Swap,European Central Bank,USD,3/26/2020,3/27/2020,4/3/2020,7,3205000000.00,0.34,,3/26/2020 9:00
U.S. Dollar Liquidity Swap,Bank of Japan,USD,3/25/2020,3/27/2020,4/3/2020,7,4950000000.00,0.34,,3/25/2020 9:00
U.S. Dollar Liquidity Swap,European Central Bank,USD,3/25/2020,3/26/2020,6/18/2020,84,27810000000.00,0.35,,3/25/2020 9:00
U.S. Dollar Liquidity Swap,European Central Bank,USD,3/25/2020,3/26/2020,4/2/2020,7,17267000000.00,0.36,,3/25/2020 9:00
U.S. Dollar Liquidity Swap,Bank of Japan,USD,3/24/2020,3/26/2020,6/18/2020,84,73805000000.00,0.35,,3/24/2020 9:00
U.S. Dollar Liquidity Swap,Bank of Japan,USD,3/24/2020,3/26/2020,4/2/2020,7,15465000000.00,0.36,,3/24/2020 9:00
U.S. Dollar Liquidity Swap,European Central Bank,USD,3/24/2020,3/25/2020,4/1/2020,7,4115000000.00,0.38,,3/24/2020 9:00
U.S. Dollar Liquidity Swap,Bank of Japan,USD,3/23/2020,3/25/2020,4/1/2020,7,34850000000.00,0.38,,3/23/2020 9:00
U.S. Dollar Liquidity Swap,European Central Bank,USD,3/23/2020,3/24/2020,3/31/2020,7,20000000.00,0.38,,3/23/2020 9:00
U.S. Dollar Liquidity Swap,European Central Bank,USD,3/18/2020,3/19/2020,3/26/2020,7,36265000000.00,0.45,,3/18/2020 9:00
U.S. Dollar Liquidity Swap,European Central Bank,USD,3/18/2020,3/19/2020,6/11/2020,84,75820000000.00,0.38,,3/18/2020 9:00
U.S. Dollar Liquidity Swap,Bank of Japan,USD,3/17/2020,3/19/2020,3/26/2020,7,2053000000.00,0.41,,3/17/2020 9:00
U.S. Dollar Liquidity Swap,Bank of Japan,USD,3/17/2020,3/19/2020,6/11/2020,84,30272000000.00,0.37,,3/17/2020 9:00
U.S. Dollar Liquidity Swap,European Central Bank,USD,3/11/2020,3/12/2020,3/19/2020,7,45000000.00,1.24,,3/11/2020 9:00
U.S. Dollar Liquidity Swap,European Central Bank,USD,3/4/2020,3/5/2020,3/12/2020,7,58000000.00,1.58,,3/4/2020 9:00
U.S. Dollar Liquidity Swap,European Central Bank,USD,2/26/2020,2/27/2020,3/5/2020,7,47300000.00,2.08,,2/26/2020 9:00
U.S. Dollar Liquidity Swap,Bank of Japan,USD,2/25/2020,2/27/2020,3/5/2020,7,1000000.00,2.08,,2/25/2020 9:00
U.S. Dollar Liquidity Swap,Bank of Japan,USD,2/19/2020,2/21/2020,2/27/2020,6,1000000.00,2.08,,2/19/2020 9:00
U.S. Dollar Liquidity Swap,European Central Bank,USD,2/19/2020,2/20/2020,2/27/2020,7,43300000.00,2.08,,2/19/2020 9:00
U.S. Dollar Liquidity Swap,Bank of Japan,USD,2/12/2020,2/14/2020,2/21/2020,7,4000000.00,2.08,,2/12/2020 9:00
U.S. Dollar Liquidity Swap,European Central Bank,USD,2/12/2020,2/13/2020,2/20/2020,7,63300000.00,2.08,,2/12/2020 9:00
U.S. Dollar Liquidity Swap,European Central Bank,USD,2/5/2020,2/6/2020,2/13/2020,7,48200000.00,2.09,,2/5/2020 9:00
U.S. Dollar Liquidity Swap,Bank of Japan,USD,2/4/2020,2/6/2020,2/14/2020,8,7000000.00,2.09,,2/4/2020 9:00
U.S. Dollar Liquidity Swap,European Central Bank,USD,1/29/2020,1/30/2020,2/6/2020,7,47500000.00,2.07,,1/29/2020 9:00
U.S. Dollar Liquidity Swap,European Central Bank,USD,1/22/2020,1/23/2020,1/30/2020,7,50600000.00,2.04,,1/22/2020 9:00
U.S. Dollar Liquidity Swap,European Central Bank,USD,1/15/2020,1/16/2020,1/23/2020,7,53500000.00,2.05,,1/15/2020 9:00
U.S. Dollar Liquidity Swap,European Central Bank,USD,1/8/2020,1/9/2020,1/16/2020,7,58500000.00,2.05,,1/8/2020 9:00
U.S. Dollar Liquidity Swap,European Central Bank,USD,12/18/2019,12/19/2019,1/9/2020,21,3728400000.00,2.05,,12/18/2019 9:00
U.S. Dollar Liquidity Swap,Bank of Japan,USD,12/17/2019,12/19/2019,12/27/2019,8,1000000.00,2.04,,12/17/2019 9:00
U.S. Dollar Liquidity Swap,European Central Bank,USD,12/11/2019,12/12/2019,12/19/2019,7,72000000.00,2.06,,12/11/2019 9:00
U.S. Dollar Liquidity Swap,Bank of Japan,USD,12/10/2019,12/12/2019,12/19/2019,7,2000000.00,2.05,,12/10/2019 9:00
U.S. Dollar Liquidity Swap,European Central Bank,USD,12/4/2019,12/5/2019,12/12/2019,7,66700000.00,2.06,,12/4/2019 9:00
U.S. Dollar Liquidity Swap,Bank of Japan,USD,12/3/2019,12/5/2019,12/12/2019,7,2000000.00,2.06,,12/3/2019 9:00
U.S. Dollar Liquidity Swap,European Central Bank,USD,11/27/2019,11/29/2019,12/5/2019,6,47100000.00,2.05,,11/27/2019 9:00
U.S. Dollar Liquidity Swap,European Central Bank,USD,11/20/2019,11/21/2019,11/29/2019,8,47200000.00,2.05,,11/20/2019 9:00
Non-U.S. Dollar Liquidity Swap,Bank of Japan,JPY,11/18/2019,11/19/2019,11/20/2019,1,51000.00,0.442,Y,11/18/2019 9:00
U.S. Dollar Liquidity Swap,Bank of Japan,USD,11/13/2019,11/15/2019,11/21/2019,6,1000000.00,2.08,,11/13/2019 9:00
U.S. Dollar Liquidity Swap,European Central Bank,USD,11/13/2019,11/14/2019,11/21/2019,7,47100000.00,2.08,,11/13/2019 9:00
U.S. Dollar Liquidity Swap,European Central Bank,USD,11/6/2019,11/7/2019,11/14/2019,7,40000000.00,2.07,,11/6/2019 9:00
U.S. Dollar Liquidity Swap,Bank of Japan,USD,11/5/2019,11/7/2019,11/15/2019,8,1000000.00,2.08,,11/5/2019 9:00
U.S. Dollar Liquidity Swap,European Central Bank,USD,10/30/2019,10/31/2019,11/7/2019,7,45500000.00,2.11,,10/30/2019 9:00
U.S. Dollar Liquidity Swap,European Central Bank,USD,10/23/2019,10/24/2019,10/31/2019,7,35800000.00,2.33,,10/23/2019 9:00
U.S. Dollar Liquidity Swap,European Central Bank,USD,10/16/2019,10/17/2019,10/24/2019,7,37700000.00,2.34,,10/16/2019 9:00
U.S. Dollar Liquidity Swap,European Central Bank,USD,10/10/2019,10/10/2019,10/11/2019,1,51000.00,2.32,Y,10/10/2019 9:00
U.S. Dollar Liquidity Swap,European Central Bank,USD,10/9/2019,10/10/2019,10/17/2019,7,43100000.00,2.35,,10/9/2019 9:00
U.S. Dollar Liquidity Swap,European Central Bank,USD,10/2/2019,10/3/2019,10/10/2019,7,37500000.00,2.36,,10/2/2019 9:00
U.S. Dollar Liquidity Swap,Bank of Japan,USD,10/1/2019,10/3/2019,10/10/2019,7,1000000.00,2.35,,10/1/2019 9:00
U.S. Dollar Liquidity Swap,European Central Bank,USD,9/25/2019,9/26/2019,10/3/2019,7,972700000.00,2.41,,9/25/2019 9:00
U.S. Dollar Liquidity Swap,European Central Bank,USD,9/18/2019,9/19/2019,9/26/2019,7,38500000.00,2.41,,9/18/2019 9:00
U.S. Dollar Liquidity Swap,Bank of Japan,USD,9/17/2019,9/19/2019,9/26/2019,7,3000000.00,2.46,,9/17/2019 9:00
U.S. Dollar Liquidity Swap,European Central Bank,USD,9/11/2019,9/12/2019,9/19/2019,7,37500000.00,2.59,,9/11/2019 9:00
U.S. Dollar Liquidity Swap,Bank of Japan,USD,9/10/2019,9/12/2019,9/19/2019,7,1000000.00,2.63,,9/10/2019 9:00
U.S. Dollar Liquidity Swap,European Central Bank,USD,9/4/2019,9/5/2019,9/12/2019,7,39500000.00,2.63,,9/4/2019 9:00
U.S. Dollar Liquidity Swap,European Central Bank,USD,8/28/2019,8/29/2019,9/5/2019,7,871500000.00,2.63,,8/28/2019 9:00
U.S. Dollar Liquidity Swap,European Central Bank,USD,8/21/2019,8/22/2019,8/29/2019,7,45700000.00,2.63,,8/21/2019 9:00
U.S. Dollar Liquidity Swap,Bank of Japan,USD,8/20/2019,8/22/2019,8/29/2019,7,3000000.00,2.64,,8/20/2019 9:00
U.S. Dollar Liquidity Swap,European Central Bank,USD,8/14/2019,8/15/2019,8/22/2019,7,43000000.00,2.64,,8/14/2019 9:00
U.S. Dollar Liquidity Swap,European Central Bank,USD,8/7/2019,8/8/2019,8/15/2019,7,44000000.00,2.63,,8/7/2019 9:00
U.S. Dollar Liquidity Swap,Bank of Japan,USD,8/6/2019,8/8/2019,8/15/2019,7,1000000.00,2.62,,8/6/2019 9:00
U.S. Dollar Liquidity Swap,European Central Bank,USD,7/31/2019,8/2/2019,8/8/2019,6,30000000.00,2.61,,7/31/2019 9:00
U.S. Dollar Liquidity Swap,European Central Bank,USD,7/24/2019,7/25/2019,8/2/2019,8,11300000.00,2.85,,7/24/2019 9:00
U.S. Dollar Liquidity Swap,European Central Bank,USD,7/17/2019,7/18/2019,7/25/2019,7,11200000.00,2.89,,7/17/2019 9:00
U.S. Dollar Liquidity Swap,European Central Bank,USD,7/10/2019,7/11/2019,7/18/2019,7,37000000.00,2.89,,7/10/2019 9:00
U.S. Dollar Liquidity Swap,Bank of Japan,USD,7/9/2019,7/11/2019,7/18/2019,7,1000000.00,2.88,,7/9/2019 9:00
U.S. Dollar Liquidity Swap,European Central Bank,USD,7/3/2019,7/5/2019,7/11/2019,6,42500000.00,2.87,,7/3/2019 9:00
U.S. Dollar Liquidity Swap,European Central Bank,USD,6/26/2019,6/27/2019,7/5/2019,8,17000000.00,2.89,,6/26/2019 9:00
U.S. Dollar Liquidity Swap,European Central Bank,USD,6/19/2019,6/20/2019,6/27/2019,7,17000000.00,2.82,,6/19/2019 9:00
U.S. Dollar Liquidity Swap,Bank of Japan,USD,6/18/2019,6/20/2019,6/27/2019,7,1000000.00,2.85,,6/18/2019 9:00
U.S. Dollar Liquidity Swap,European Central Bank,USD,6/12/2019,6/13/2019,6/20/2019,7,17000000.00,2.87,,6/12/2019 9:00
U.S. Dollar Liquidity Swap,European Central Bank,USD,6/5/2019,6/6/2019,6/13/2019,7,22000000.00,2.88,,6/5/2019 9:00
U.S. Dollar Liquidity Swap,European Central Bank,USD,5/29/2019,5/31/2019,6/6/2019,6,17000000.00,2.9,,5/29/2019 9:00
U.S. Dollar Liquidity Swap,European Central Bank,USD,5/22/2019,5/23/2019,5/31/2019,8,17000000.00,2.88,,5/22/2019 9:00
U.S. Dollar Liquidity Swap,European Central Bank,USD,5/15/2019,5/16/2019,5/23/2019,7,17000000.00,2.87,,5/15/2019 9:00
U.S. Dollar Liquidity Swap,European Central Bank,USD,5/8/2019,5/9/2019,5/16/2019,7,49700000.00,2.89,,5/8/2019 9:00
U.S. Dollar Liquidity Swap,European Central Bank,USD,4/30/2019,5/2/2019,5/9/2019,7,54700000.00,2.92,,4/30/2019 9:00
U.S. Dollar Liquidity Swap,European Central Bank,USD,4/24/2019,4/25/2019,5/2/2019,7,54800000.00,2.93,,4/24/2019 9:00
U.S. Dollar Liquidity Swap,European Central Bank,USD,4/17/2019,4/18/2019,4/25/2019,7,54900000.00,2.91,,4/17/2019 9:00
U.S. Dollar Liquidity Swap,European Central Bank,USD,4/10/2019,4/11/2019,4/18/2019,7,54900000.00,2.91,,4/10/2019 9:00
U.S. Dollar Liquidity Swap,European Central Bank,USD,4/3/2019,4/4/2019,4/11/2019,7,54800000.00,2.91,,4/3/2019 9:00
U.S. Dollar Liquidity Swap,European Central Bank,USD,3/27/2019,3/28/2019,4/4/2019,7,1365000000.00,2.91,,3/27/2019 9:00
U.S. Dollar Liquidity Swap,Bank of Japan,USD,3/20/2019,3/22/2019,3/28/2019,6,1000000.00,2.9,,3/20/2019 9:00
U.S. Dollar Liquidity Swap,European Central Bank,USD,3/20/2019,3/21/2019,3/28/2019,7,65000000.00,2.91,,3/20/2019 9:00
U.S. Dollar Liquidity Swap,European Central Bank,USD,3/13/2019,3/14/2019,3/21/2019,7,64500000.00,2.9,,3/13/2019 9:00
U.S. Dollar Liquidity Swap,Bank of Japan,USD,3/12/2019,3/14/2019,3/22/2019,8,3000000.00,2.9,,3/12/2019 9:00
U.S. Dollar Liquidity Swap,European Central Bank,USD,3/6/2019,3/7/2019,3/14/2019,7,65000000.00,2.9,,3/6/2019 9:00
U.S. Dollar Liquidity Swap,Bank of Japan,USD,3/5/2019,3/7/2019,3/14/2019,7,2000000.00,2.91,,3/5/2019 9:00
U.S. Dollar Liquidity Swap,European Central Bank,USD,2/27/2019,2/28/2019,3/7/2019,7,64500000.00,2.9,,2/27/2019 9:00
U.S. Dollar Liquidity Swap,Bank of Japan,USD,2/20/2019,2/22/2019,2/28/2019,6,3000000.00,2.9,,2/20/2019 9:00
U.S. Dollar Liquidity Swap,European Central Bank,USD,2/20/2019,2/21/2019,2/28/2019,7,84500000.00,2.9,,2/20/2019 9:00
Non-U.S. Dollar Liquidity Swap,European Central Bank,EUR,2/14/2019,2/14/2019,2/15/2019,1,51000.00,0.5,Y,2/14/2019 9:00
U.S. Dollar Liquidity Swap,European Central Bank,USD,2/13/2019,2/14/2019,2/21/2019,7,64500000.00,2.9,,2/13/2019 9:00
U.S. Dollar Liquidity Swap,Bank of Japan,USD,2/12/2019,2/14/2019,2/22/2019,8,3000000.00,2.9,,2/12/2019 9:00
U.S. Dollar Liquidity Swap,European Central Bank,USD,2/6/2019,2/7/2019,2/14/2019,7,64500000.00,2.9,,2/6/2019 9:00
U.S. Dollar Liquidity Swap,Bank of Japan,USD,2/5/2019,2/7/2019,2/14/2019,7,6000000.00,2.9,,2/5/2019 9:00
U.S. Dollar Liquidity Swap,European Central Bank,USD,1/30/2019,1/31/2019,2/7/2019,7,64500000.00,2.9,,1/30/2019 9:00
U.S. Dollar Liquidity Swap,Bank of Japan,USD,1/29/2019,1/31/2019,2/7/2019,7,1000000.00,2.9,,1/29/2019 9:00
U.S. Dollar Liquidity Swap,Bank of Japan,USD,1/23/2019,1/25/2019,1/31/2019,6,2000000.00,2.9,,1/23/2019 9:00
U.S. Dollar Liquidity Swap,European Central Bank,USD,1/23/2019,1/24/2019,1/31/2019,7,74500000.00,2.91,,1/23/2019 9:00
U.S. Dollar Liquidity Swap,European Central Bank,USD,1/16/2019,1/17/2019,1/24/2019,7,84500000.00,2.91,,1/16/2019 9:00
U.S. Dollar Liquidity Swap,Bank of Japan,USD,1/15/2019,1/17/2019,1/25/2019,8,1000000.00,2.9,,1/15/2019 9:00
U.S. Dollar Liquidity Swap,European Central Bank,USD,1/9/2019,1/10/2019,1/17/2019,7,88000000.00,2.91,,1/9/2019 9:00
U.S. Dollar Liquidity Swap,European Central Bank,USD,1/3/2019,1/4/2019,1/10/2019,6,76000000.00,2.9,,1/3/2019 9:00
U.S. Dollar Liquidity Swap,European Central Bank,USD,12/19/2018,12/20/2018,1/4/2019,15,4197000000.00,2.88,,12/19/2018 9:00
U.S. Dollar Liquidity Swap,Bank of Japan,USD,12/18/2018,12/20/2018,1/10/2019,21,10000000.00,2.86,,12/18/2018 9:00
U.S. Dollar Liquidity Swap,European Central Bank,USD,12/12/2018,12/13/2018,12/20/2018,7,67000000.00,2.73,,12/12/2018 9:00
U.S. Dollar Liquidity Swap,Bank of Japan,USD,12/11/2018,12/13/2018,12/20/2018,7,3000000.00,2.7,,12/11/2018 9:00
U.S. Dollar Liquidity Swap,European Central Bank,USD,12/5/2018,12/6/2018,12/13/2018,7,119000000.00,2.7,,12/5/2018 9:00
U.S. Dollar Liquidity Swap,Bank of Japan,USD,12/4/2018,12/6/2018,12/13/2018,7,1000000.00,2.71,,12/4/2018 9:00
U.S. Dollar Liquidity Swap,European Central Bank,USD,11/28/2018,11/29/2018,12/6/2018,7,194000000.00,2.72,,11/28/2018 9:00
U.S. Dollar Liquidity Swap,European Central Bank,USD,11/21/2018,11/23/2018,11/29/2018,6,68000000.00,2.7,,11/21/2018 9:00
U.S. Dollar Liquidity Swap,European Central Bank,USD,11/14/2018,11/15/2018,11/23/2018,8,57500000.00,2.71,,11/14/2018 9:00
U.S. Dollar Liquidity Swap,European Central Bank,USD,11/7/2018,11/8/2018,11/15/2018,7,47000000.00,2.7,,11/7/2018 9:00
U.S. Dollar Liquidity Swap,European Central Bank,USD,10/31/2018,11/1/2018,11/8/2018,7,79500000.00,2.7,,10/31/2018 9:00
U.S. Dollar Liquidity Swap,European Central Bank,USD,10/24/2018,10/25/2018,11/1/2018,7,79700000.00,2.7,,10/24/2018 9:00
Non-U.S. Dollar Liquidity Swap,Bank of Japan,JPY,10/23/2018,10/23/2018,10/24/2018,1,51000.00,0.431,Y,10/23/2018 9:00
U.S. Dollar Liquidity Swap,European Central Bank,USD,10/17/2018,10/18/2018,10/25/2018,7,80000000.00,2.69,,10/17/2018 9:00
U.S. Dollar Liquidity Swap,European Central Bank,USD,10/11/2018,10/11/2018,10/12/2018,1,51000.00,2.68,Y,10/11/2018 9:00
U.S. Dollar Liquidity Swap,European Central Bank,USD,10/10/2018,10/11/2018,10/18/2018,7,88500000.00,2.69,,10/10/2018 9:00
U.S. Dollar Liquidity Swap,European Central Bank,USD,10/3/2018,10/4/2018,10/11/2018,7,89500000.00,2.69,,10/3/2018 9:00
U.S. Dollar Liquidity Swap,European Central Bank,USD,9/26/2018,9/27/2018,10/4/2018,7,74000000.00,2.67,,9/26/2018 9:00
U.S. Dollar Liquidity Swap,European Central Bank,USD,9/19/2018,9/20/2018,9/27/2018,7,90000000.00,2.46,,9/19/2018 9:00
U.S. Dollar Liquidity Swap,European Central Bank,USD,9/12/2018,9/13/2018,9/20/2018,7,99000000.00,2.42,,9/12/2018 9:00
U.S. Dollar Liquidity Swap,Bank of Japan,USD,9/11/2018,9/13/2018,9/20/2018,7,1000000.00,2.41,,9/11/2018 9:00
U.S. Dollar Liquidity Swap,Bank of Japan,USD,9/5/2018,9/7/2018,9/13/2018,6,1000000.00,2.42,,9/5/2018 9:00
U.S. Dollar Liquidity Swap,European Central Bank,USD,9/5/2018,9/6/2018,9/13/2018,7,90300000.00,2.42,,9/5/2018 9:00
U.S. Dollar Liquidity Swap,European Central Bank,USD,8/29/2018,8/30/2018,9/6/2018,7,90200000.00,2.42,,8/29/2018 9:00
U.S. Dollar Liquidity Swap,European Central Bank,USD,8/22/2018,8/23/2018,8/30/2018,7,90000000.00,2.42,,8/22/2018 9:00
U.S. Dollar Liquidity Swap,Bank of Japan,USD,8/21/2018,8/23/2018,8/30/2018,7,2000000.00,2.42,,8/21/2018 9:00
U.S. Dollar Liquidity Swap,European Central Bank,USD,8/15/2018,8/16/2018,8/23/2018,7,67000000.00,2.41,,8/15/2018 9:00
U.S. Dollar Liquidity Swap,Bank of Japan,USD,8/14/2018,8/16/2018,8/23/2018,7,1000000.00,2.41,,8/14/2018 9:00
U.S. Dollar Liquidity Swap,European Central Bank,USD,8/8/2018,8/9/2018,8/16/2018,7,105400000.00,2.41,,8/8/2018 9:00
U.S. Dollar Liquidity Swap,Bank of Japan,USD,8/7/2018,8/9/2018,8/16/2018,7,1000000.00,2.41,,8/7/2018 9:00
U.S. Dollar Liquidity Swap,European Central Bank,USD,8/2/2018,8/3/2018,8/9/2018,6,100400000.00,2.42,,8/2/2018 9:00
U.S. Dollar Liquidity Swap,European Central Bank,USD,7/25/2018,7/26/2018,8/3/2018,8,100400000.00,2.41,,7/25/2018 9:00
U.S. Dollar Liquidity Swap,European Central Bank,USD,7/18/2018,7/19/2018,7/26/2018,7,120600000.00,2.42,,7/18/2018 9:00
U.S. Dollar Liquidity Swap,Bank of Japan,USD,7/17/2018,7/19/2018,7/26/2018,7,1000000.00,2.42,,7/17/2018 9:00
U.S. Dollar Liquidity Swap,European Central Bank,USD,7/11/2018,7/12/2018,7/19/2018,7,90500000.00,2.41,,7/11/2018 9:00
U.S. Dollar Liquidity Swap,European Central Bank,USD,7/5/2018,7/6/2018,7/12/2018,6,95400000.00,2.42,,7/5/2018 9:00
U.S. Dollar Liquidity Swap,Bank of Japan,USD,7/3/2018,7/6/2018,7/12/2018,6,1000000.00,2.42,,7/3/2018 9:00
U.S. Dollar Liquidity Swap,European Central Bank,USD,6/27/2018,6/28/2018,7/6/2018,8,1090200000.00,2.43,,6/27/2018 9:00
U.S. Dollar Liquidity Swap,Bank of Japan,USD,6/26/2018,6/28/2018,7/6/2018,8,1000000.00,2.43,,6/26/2018 9:00
U.S. Dollar Liquidity Swap,European Central Bank,USD,6/20/2018,6/21/2018,6/28/2018,7,90000000.00,2.41,,6/20/2018 9:00
U.S. Dollar Liquidity Swap,European Central Bank,USD,6/13/2018,6/14/2018,6/21/2018,7,95400000.00,2.42,,6/13/2018 9:00
U.S. Dollar Liquidity Swap,European Central Bank,USD,6/6/2018,6/7/2018,6/14/2018,7,90300000.00,2.23,,6/6/2018 9:00
U.S. Dollar Liquidity Swap,Bank of Japan,USD,6/5/2018,6/7/2018,6/14/2018,7,1000000.00,2.2,,6/5/2018 9:00
U.S. Dollar Liquidity Swap,European Central Bank,USD,5/30/2018,5/31/2018,6/7/2018,7,70400000.00,2.2,,5/30/2018 9:00
U.S. Dollar Liquidity Swap,European Central Bank,USD,5/23/2018,5/24/2018,5/31/2018,7,61500000.00,2.21,,5/23/2018 9:00
U.S. Dollar Liquidity Swap,Bank of Japan,USD,5/22/2018,5/24/2018,6/1/2018,8,1000000.00,2.21,,5/22/2018 9:00
U.S. Dollar Liquidity Swap,European Central Bank,USD,5/16/2018,5/17/2018,5/24/2018,7,80500000.00,2.21,,5/16/2018 9:00
U.S. Dollar Liquidity Swap,Bank of Japan,USD,5/15/2018,5/17/2018,5/24/2018,7,1000000.00,2.21,,5/15/2018 9:00
U.S. Dollar Liquidity Swap,European Central Bank,USD,5/9/2018,5/11/2018,5/17/2018,6,80000000.00,2.21,,5/9/2018 9:00
U.S. Dollar Liquidity Swap,European Central Bank,USD,5/2/2018,5/3/2018,5/11/2018,8,80000000.00,2.21,,5/2/2018 9:00
U.S. Dollar Liquidity Swap,European Central Bank,USD,4/25/2018,4/26/2018,5/3/2018,7,117000000.00,2.19,,4/25/2018 9:00
Non-U.S. Dollar Liquidity Swap,European Central Bank,EUR,4/19/2018,4/19/2018,4/20/2018,1,51000.00,0.5,Y,4/19/2018 9:00
U.S. Dollar Liquidity Swap,European Central Bank,USD,4/18/2018,4/19/2018,4/26/2018,7,82400000.00,2.19,,4/18/2018 9:00
U.S. Dollar Liquidity Swap,European Central Bank,USD,4/11/2018,4/12/2018,4/19/2018,7,82300000.00,2.19,,4/11/2018 9:00
U.S. Dollar Liquidity Swap,European Central Bank,USD,4/4/2018,4/5/2018,4/12/2018,7,79200000.00,2.18,,4/4/2018 9:00
U.S. Dollar Liquidity Swap,European Central Bank,USD,3/28/2018,3/29/2018,4/5/2018,7,5011000000.00,2.15,,3/28/2018 9:00
U.S. Dollar Liquidity Swap,European Central Bank,USD,3/21/2018,3/22/2018,3/29/2018,7,79000000.00,2.21,,3/21/2018 9:00
U.S. Dollar Liquidity Swap,European Central Bank,USD,3/14/2018,3/15/2018,3/22/2018,7,75000000.00,1.96,,3/14/2018 9:00
U.S. Dollar Liquidity Swap,Bank of Japan,USD,3/13/2018,3/15/2018,3/22/2018,7,2000000.00,1.92,,3/13/2018 9:00
U.S. Dollar Liquidity Swap,European Central Bank,USD,3/7/2018,3/8/2018,3/15/2018,7,62000000.00,1.92,,3/7/2018 9:00
U.S. Dollar Liquidity Swap,Bank of Japan,USD,3/6/2018,3/8/2018,3/15/2018,7,2000000.00,1.93,,3/6/2018 9:00
U.S. Dollar Liquidity Swap,European Central Bank,USD,2/28/2018,3/1/2018,3/8/2018,7,62000000.00,1.92,,2/28/2018 9:00
U.S. Dollar Liquidity Swap,Bank of Japan,USD,2/27/2018,3/1/2018,3/8/2018,7,3000000.00,1.91,,2/27/2018 9:00
U.S. Dollar Liquidity Swap,Bank of Japan,USD,2/21/2018,2/23/2018,3/1/2018,6,5000000.00,1.92,,2/21/2018 9:00
U.S. Dollar Liquidity Swap,European Central Bank,USD,2/21/2018,2/22/2018,3/1/2018,7,67000000.00,1.91,,2/21/2018 9:00
U.S. Dollar Liquidity Swap,European Central Bank,USD,2/14/2018,2/15/2018,2/22/2018,7,61000000.00,1.92,,2/14/2018 9:00
U.S. Dollar Liquidity Swap,Bank of Japan,USD,2/13/2018,2/15/2018,2/23/2018,8,6000000.00,1.92,,2/13/2018 9:00
U.S. Dollar Liquidity Swap,European Central Bank,USD,2/7/2018,2/8/2018,2/15/2018,7,62000000.00,1.92,,2/7/2018 9:00
U.S. Dollar Liquidity Swap,European Central Bank,USD,1/31/2018,2/1/2018,2/8/2018,7,39000000.00,1.93,,1/31/2018 9:00
U.S. Dollar Liquidity Swap,European Central Bank,USD,1/24/2018,1/25/2018,2/1/2018,7,672000000.00,1.91,,1/24/2018 9:00
U.S. Dollar Liquidity Swap,Bank of Japan,USD,1/23/2018,1/25/2018,2/1/2018,7,1000000.00,1.92,,1/23/2018 9:00
U.S. Dollar Liquidity Swap,European Central Bank,USD,1/17/2018,1/18/2018,1/25/2018,7,72000000.00,1.91,,1/17/2018 9:00
U.S. Dollar Liquidity Swap,European Central Bank,USD,1/10/2018,1/11/2018,1/18/2018,7,117000000.00,1.92,,1/10/2018 9:00
U.S. Dollar Liquidity Swap,Bank of Japan,USD,1/9/2018,1/11/2018,1/19/2018,8,1000000.00,1.92,,1/9/2018 9:00
